Time;Input;Th1;Th2
0;0.3;-0.00133463;-0.000264744
0.01;0.299999998;-0.008658961;-0.010030518
0.02;0.299999962;-0.01476257;0.000955978
0.03;0.299999808;-0.031852674;0.041239796
0.04;0.299999394;-0.053825666;0.0864065
0.05;0.29999852;-0.069695048;0.125469596
0.06;0.29999693;-0.089226596;0.153546197
0.07;0.299994313;-0.09899237;0.186505684
0.08;0.299990298;-0.114861753;0.208478676
0.09;0.299984459;-0.131951858;0.236555276
0.1;0.299976313;-0.149041962;0.26707332
0.11;0.29996532;-0.164911345;0.293929198
0.12;0.299950884;-0.18200145;0.319564355
0.13;0.29993235;-0.205195163;0.336654459
0.14;0.299909008;-0.216181659;0.365951781
0.15;0.299880092;-0.236933928;0.383041886
0.16;0.299844778;-0.260127642;0.396469825
0.17;0.299802185;-0.274776303;0.414780652
0.18;0.299751377;-0.294307851;0.425767147
0.19;0.299691361;-0.305294347;0.444077974
0.2;0.299621087;-0.323605173;0.452623026
0.21;0.29953945;-0.344357443;0.461168078
0.22;0.299445288;-0.359006104;0.468492409
0.23;0.299337383;-0.374875486;0.477037461
0.24;0.299214464;-0.393186313;0.481920348
0.25;0.2990752;-0.415159304;0.475816739
0.26;0.298918209;-0.549438697;0.459947356
0.27;0.298742053;-0.549438697;0.4623888
0.28;0.298545238;-0.566528801;0.4623888
0.29;0.298326219;-0.579956741;0.467271687
0.3;0.298083393;-0.597046845;0.466050965
0.31;0.297815108;-0.615357671;0.464830243
0.32;0.297519658;-0.631227054;0.467271687
0.33;0.297195284;-0.650758602;0.468492409
0.34;0.296840177;-0.665407263;0.473375296
0.35;0.296452476;-0.684938811;0.478258183
0.36;0.296030271;-0.702028916;0.485582513
0.37;0.295571603;-0.71911902;0.492906844
0.38;0.295074465;-0.737429847;0.502672618
0.39;0.294536803;-0.754519951;0.513659113
0.4;0.293956516;-0.772830777;0.528307774
0.41;0.293331458;-0.783817273;0.55272221
0.42;0.292659442;-0.802128099;0.569812314
0.43;0.291938236;-0.822880369;0.58812314
0.44;0.291165569;-0.833866865;0.612537575
0.45;0.29033913;-0.85095697;0.638172732
0.46;0.28945657;-0.871709239;0.661366445
0.47;0.288515507;-0.885137179;0.688222324
0.48;0.28751352;-0.902227283;0.715078202
0.49;0.286448163;-0.916875944;0.750479133
0.5;0.285316955;-0.936407492;0.77611429
0.51;0.28411739;-0.951056153;0.793204395
0.52;0.282846937;-0.990119249;0.887199969
0.53;0.281503043;-0.995002136;0.887199969
0.54;0.280083134;-1.008430076;0.917718013
0.55;0.278584621;-1.023078737;0.955560388
0.56;0.2770049;-1.041389563;0.994623484
0.57;0.275341358;-1.05359678;1.015375753
0.58;0.273591373;-1.068245441;1.067866789
0.59;0.27175232;-1.085335546;1.094722667
0.6;0.269821575;-1.10242565;1.115474937
0.61;0.267796517;-1.113412146;1.15942092
0.62;0.265674533;-1.132943694;1.172848859
0.63;0.26345302;-1.147592355;1.207029068
0.64;0.261129395;-1.162241016;1.22900206
0.65;0.258701093;-1.173227512;1.260740826
0.66;0.256165577;-1.187876173;1.287596704
0.67;0.253520338;-1.206186999;1.299803922
0.68;0.250762904;-1.215952773;1.322997635
0.69;0.247890845;-1.233042878;1.342529183
0.7;0.244901775;-1.244029374;1.359619287
0.71;0.241793363;-1.259898756;1.371826505
0.72;0.238563333;-1.275768139;1.386475166
0.73;0.235209475;-1.291637522;1.392578775
0.74;0.231729648;-1.303844739;1.401123827
0.75;0.22812179;-1.312389792;1.410889601
0.76;0.224383918;-1.324597009;1.415772488
0.77;0.220514144;-1.336804227;1.419434653
0.78;0.216510672;-1.35999794;1.414551766
0.79;0.212371814;-1.363660105;1.41699321
0.8;0.208095992;-1.375867323;1.413331044
0.81;0.203681745;-1.385633097;1.410889601
0.82;0.199127741;-1.400281758;1.402344549
0.83;0.19443278;-1.414930419;1.398682383
0.84;0.189595806;-1.421034028;1.398682383
0.85;0.184615911;-1.432020523;1.391358053
0.86;0.179492346;-1.445448463;1.382813001
0.87;0.174224527;-1.451552071;1.379150835
0.88;0.168812047;-1.461317845;1.376709392
0.89;0.163254679;-1.473525063;1.370605783
0.9;0.157552389;-1.483290837;1.365722896
0.91;0.151705343;-1.488173724;1.366943618
0.92;0.145713915;-1.497939498;1.360840009
0.93;0.139578695;-1.504043107;1.362060731
0.94;0.1333005;-1.513808881;1.362060731
0.95;0.126880379;-1.526016098;1.3547364
0.96;0.120319626;-1.529678264;1.358398566
0.97;0.113619785;-1.535781872;1.364502174
0.98;0.106782657;-1.544326925;1.36816434
0.99;0.099810313;-1.54798909;1.370605783
1;0.092705098;-1.55531342;1.37548867
1.01;0.085469643;-1.561417029;1.381592279
1.02;0.078106866;-1.561417029;1.393799496
1.03;0.070619987;-1.56874136;1.40356527
1.04;0.063012531;-1.572403525;1.419434653
1.05;0.055288335;-1.574844968;1.427979706
1.06;0.047451556;-1.580948577;1.434083314
1.07;0.039506679;-1.583390021;1.449952697
1.08;0.031458517;-1.578507134;1.46582208
1.09;0.023312225;-1.580948577;1.481691463
1.1;0.015073295;-1.588272908;1.492677958
1.11;0.006747572;-1.583390021;1.510988785
1.12;-0.00221167;-1.583390021;1.529299611
1.13;-0.01351884;-1.583390021;1.545168994
1.14;-0.024915539;-1.585831464;1.562259098
1.15;-0.036392082;-1.583390021;1.576907759
1.16;-0.047938297;-1.587052186;1.585452811
1.17;-0.059543533;-1.587052186;1.608646525
1.18;-0.071196654;-1.579727855;1.622074464
1.19;-0.082886042;-1.579727855;1.631840238
1.2;-0.094599599;-1.57606569;1.647709621
1.21;-0.106324749;-1.573624247;1.651371786
1.22;-0.118048445;-1.57606569;1.657475395
1.23;-0.129757173;-1.56874136;1.668461891
1.24;-0.141436957;-1.562637751;1.675786221
1.25;-0.153073373;-1.557754864;1.674565499
1.26;-0.164651554;-1.54798909;1.683110552
1.27;-0.176156205;-1.541885481;1.677006943
1.28;-0.187571612;-1.530898985;1.675786221
1.29;-0.198881661;-1.51991249;1.669682612
1.3;-0.210069852;-1.516250324;1.656254673
1.31;-0.221119316;-1.501601663;1.644047456
1.32;-0.232012838;-1.493056611;1.631840238
1.33;-0.242732873;-1.47840795;1.620853742
1.34;-0.253261577;-1.466200732;1.596439307
1.35;-0.263580825;-1.451552071;1.576907759
1.36;-0.27367224;-1.439344854;1.557376211
1.37;-0.283517224;-1.425916915;1.520754559
1.38;-0.293096986;-1.411268254;1.513430228
1.39;-0.302392577;-1.40150248;1.479250019
1.4;-0.311384921;-1.386853819;1.440186923
1.41;-0.320054855;-1.367322271;1.408448157
1.42;-0.328383166;-1.353894331;1.381592279
1.43;-0.336350631;-1.329479896;1.34741207
1.44;-0.343938057;-1.319714122;1.2985832
1.45;-0.351126331;-1.300182574;1.271727321
1.46;-0.357896458;-1.280651026;1.220457008
1.47;-0.364229615;-1.259898756;1.196042573
1.48;-0.370107195;-1.239146487;1.15209659
1.49;-0.375510864;-1.223277104;1.119137102
1.5;-0.380422607;-1.201304112;1.072749676
1.51;-0.384824786;-1.178110399;1.048335241
1.52;-0.388700195;-1.159799573;1.008051423
1.53;-0.392032117;-1.136605859;0.967767605
1.54;-0.39480438;-1.118295033;0.928704509
1.55;-0.39700142;-1.098763485;0.890862135
1.56;-0.398608338;-1.073128328;0.855461204
1.57;-0.399610961;-1.057258946;0.820060273
1.58;-0.399995907;-1.029182345;0.799308003
1.59;-0.399750645;-1.002326467;0.761465629
1.6;-0.39886356;-0.987677806;0.738271916
1.61;-0.397324012;-0.966925536;0.702870985
1.62;-0.395122403;-0.943731823;0.691884489
1.63;-0.39225024;-0.922979553;0.666249332
1.64;-0.388700195;-0.904668727;0.645497063
1.65;-0.384466169;-0.880254292;0.632069123
1.66;-0.379543352;-0.8582813;0.617420462
1.67;-0.373928287;-0.835087587;0.610096132
1.68;-0.367618924;-0.820438926;0.596668193
1.69;-0.360614678;-0.796024491;0.591785306
1.7;-0.352916491;-0.782596551;0.583240253
1.71;-0.344526875;-0.758182116;0.589343862
1.72;-0.335449975;-0.742312734;0.584460975
1.73;-0.325691607;-0.71911902;0.593006027
1.74;-0.31525931;-0.699587472;0.595447471
1.75;-0.304162386;-0.684938811;0.600330358
1.76;-0.292411942;-0.675173037;0.602771801
1.77;-0.280020919;-0.651979324;0.616199741
1.78;-0.26700413;-0.637330663;0.628406958
1.79;-0.25337828;-0.626344167;0.634510567
1.8;-0.239161993;-0.609254063;0.651600671
1.81;-0.224375827;-0.603150454;0.656483558
1.82;-0.209042283;-0.589722515;0.671132219
1.83;-0.193185813;-0.57263241;0.691884489
1.84;-0.176832822;-0.560425193;0.705312428
1.85;-0.160011655;-0.556763027;0.708974594
1.86;-0.142752591;-0.548217975;0.724843977
1.87;-0.125087821;-0.542114366;0.732168307
1.88;-0.107051418;-0.533569314;0.750479133
1.89;-0.088679307;-0.531127871;0.757803464
1.9;-0.070009224;-0.52380354;0.767569238
1.91;-0.051080663;-0.521362097;0.778555734
1.92;-0.031934824;-0.51647921;0.788321508
1.93;-0.012614544;-0.520141375;0.791983673
1.94;0.00512683;-0.515258488;0.801749447
1.95;0.019777679;-0.520141375;0.798087282
1.96;0.034456179;-0.522582818;0.795645838
1.97;0.049125893;-0.517699931;0.791983673
1.98;0.063749493;-0.527465705;0.779776455
1.99;0.078288845;-0.52380354;0.778555734
2;0.092705098;-0.528686427;0.767569238
2.01;0.106958786;-0.531127871;0.763907073
2.02;0.121009931;-0.539672923;0.74803769
2.03;0.134818152;-0.549438697;0.72728542
2.04;0.148342786;-0.553100862;0.721181811
2.05;0.161543004;-0.559204471;0.707753872
2.06;0.174377944;-0.570190967;0.694325933
2.07;0.186806837;-0.577515297;0.680897993
2.08;0.198789152;-0.589722515;0.665028611
2.09;0.21028473;-0.60070901;0.647938506
2.1;0.221253935;-0.606812619;0.63695201
2.11;0.231657804;-0.62146128;0.622303349
2.12;0.241458196;-0.633668498;0.60887541
2.13;0.250617951;-0.645875715;0.597888914
2.14;0.259101048;-0.660524376;0.585681697
2.15;0.266872763;-0.676393759;0.573474479
2.16;0.273899833;-0.689821698;0.567370871
2.17;0.280150614;-0.700808194;0.564929427
2.18;0.285595249;-0.71911902;0.558825818
2.19;0.29020582;-0.736209125;0.556384375
2.2;0.293956516;-0.749637064;0.557605097
2.21;0.296823784;-0.76794789;0.557605097
2.22;0.298786488;-0.780155108;0.564929427
2.23;0.299826057;-0.799686656;0.564929427
2.24;0.29992663;-0.817997482;0.569812314
2.25;0.2990752;-0.8302047;0.583240253
2.26;0.297261746;-0.848515526;0.591785306
2.27;0.29447936;-0.868047074;0.606433967
2.28;0.290724367;-0.87903357;0.624744793
2.29;0.285996437;-0.892461509;0.645497063
2.3;0.280298683;-0.908330892;0.672352941
2.31;0.273637752;-0.926641718;0.687001602
2.32;0.266023905;-0.938848936;0.711416037
2.33;0.257471084;-0.954718318;0.733389029
2.34;0.247996962;-0.968146258;0.759024186
2.35;0.237622984;-0.982794919;0.789542229
2.36;0.226374396;-0.998664302;0.799308003
2.37;0.214280249;-1.007209354;0.842033265
2.38;0.201373394;-1.020637293;0.864006256
2.39;0.187690459;-1.036506676;0.885979248
2.4;0.173271811;-1.051155337;0.926263066
2.41;0.158161492;-1.05359678;0.953118944
2.42;0.142407148;-1.060921111;0.975091936
2.43;0.126059929;-1.069466163;1.005609979
2.44;0.109174377;-1.075569772;1.031245136
2.45;0.091808293;-1.081673381;1.053218128
2.46;0.07402258;-1.090218433;1.072749676
2.47;0.055881076;-1.097542763;1.095943389
2.48;0.037450358;-1.092659876;1.117916381
2.49;0.018799531;-1.101204929;1.128902876
2.5;9.18485E-17;-1.097542763;1.154538033
2.51;-0.025166374;-1.099984207;1.163083085
2.52;-0.050332764;-1.099984207;1.175290303
2.53;-0.075396854;-1.099984207;1.185056077
2.54;-0.100254734;-1.09510132;1.20092546
2.55;-0.124801319;-1.091439155;1.20824979
2.56;-0.148930792;-1.086556268;1.213132677
2.57;-0.172537071;-1.085335546;1.205808347
2.58;-0.195514278;-1.078011215;1.197263294
2.59;-0.21775724;-1.069466163;1.193601129
2.6;-0.239161993;-1.059700389;1.182614633
2.61;-0.259626298;-1.043831006;1.171628138
2.62;-0.279050167;-1.035285954;1.15209659
2.63;-0.297336397;-1.021858015;1.13134432
2.64;-0.314391105;-1.009650797;1.109371328
2.65;-0.330124263;-0.990119249;1.091060502
2.66;-0.344450236;-0.969366979;1.051997406
2.67;-0.357288308;-0.960821927;1.021479362
2.68;-0.368563206;-0.938848936;1.000727092
2.69;-0.378205612;-0.922979553;0.951898222
2.7;-0.386152656;-0.903448005;0.920159457
2.71;-0.392348396;-0.881475013;0.881096361
2.72;-0.396744279;-0.859502022;0.840812543
2.73;-0.39929957;-0.843632639;0.795645838
2.74;-0.399981758;-0.817997482;0.761465629
2.75;-0.398766933;-0.799686656;0.716298924
2.76;-0.395640127;-0.780155108;0.67845655
2.77;-0.390595612;-0.752078508;0.640614176
2.78;-0.383637167;-0.731326238;0.602771801
2.79;-0.374778293;-0.715456855;0.557605097
2.8;-0.364042388;-0.692263142;0.524645609
2.81;-0.351462866;-0.673952316;0.489244678
2.82;-0.337083229;-0.651979324;0.459947356
2.83;-0.320957081;-0.636109941;0.426987869
2.84;-0.303148091;-0.62146128;0.398911269
2.85;-0.283729892;-0.605591897;0.374496834
2.86;-0.26278592;-0.583618906;0.37205539
2.87;-0.240409201;-0.573853132;0.353744564
2.88;-0.216702062;-0.557983749;0.35130312
2.89;-0.191775792;-0.55188014;0.341537346
2.9;-0.165750232;-0.539672923;0.34397879
2.91;-0.138753308;-0.52380354;0.356186007
2.92;-0.110920495;-0.520141375;0.361068894
2.93;-0.082394232;-0.511596323;0.374496834
2.94;-0.053323262;-0.510375601;0.390366217
2.95;-0.023861929;-0.506713436;0.414780652
2.96;0.004372942;-0.50305127;0.444077974
2.97;0.026693322;-0.506713436;0.468492409
2.98;0.048939932;-0.507934157;0.499010452
2.99;0.070986328;-0.509154879;0.533190661
3;0.092705098;-0.511596323;0.56004654
3.01;0.113968602;-0.512817044;0.607654688
3.02;0.134649736;-0.515258488;0.644276341
3.03;0.154622713;-0.526244984;0.67845655
3.04;0.173763865;-0.531127871;0.713857481
3.05;0.191952444;-0.540893645;0.745596246
3.06;0.209071439;-0.548217975;0.785880064
3.07;0.225008388;-0.559204471;0.812735943
3.08;0.23965618;-0.573853132;0.843253986
3.09;0.252913852;-0.584839628;0.872551308
3.1;0.264687368;-0.59338468;0.907952239
3.11;0.274890369;-0.612916228;0.925042344
3.12;0.283444902;-0.626344167;0.953118944
3.13;0.290282107;-0.636109941;0.973871214
3.14;0.29534287;-0.656862211;0.986078431
3.15;0.298578421;-0.67029015;1.000727092
3.16;0.299950884;-0.682497368;1.011713588
3.17;0.299433771;-0.705691081;1.01293431
3.18;0.297012407;-0.722781186;1.004389258
3.19;0.292684287;-0.733767681;1.006830701
3.2;0.286459363;-0.748416342;0.994623484
3.21;0.278360249;-0.764285725;0.986078431
3.22;0.268422343;-0.777713664;0.966546883
3.23;0.256693866;-0.798465934;0.950677501
3.24;0.243235809;-0.810673152;0.921380179
3.25;0.22812179;-0.824101091;0.905510796
3.26;0.211437814;-0.838749752;0.867668421
3.27;0.193281943;-0.846074083;0.851799039
3.28;0.173763865;-0.859502022;0.813956664
3.29;0.15300437;-0.864384909;0.788321508
3.3;0.13113473;-0.870488518;0.75536202
3.31;0.108295986;-0.880254292;0.717519646
3.32;0.084638141;-0.890020066;0.687001602
3.33;0.060319273;-0.890020066;0.656483558
3.34;0.035504553;-0.897344396;0.614979019
3.35;0.010365192;-0.89978584;0.583240253
3.36;-0.019896917;-0.897344396;0.549060044
3.37;-0.053572335;-0.902227283;0.517321279
3.38;-0.086962942;-0.898565118;0.4904654
3.39;-0.119824149;-0.892461509;0.466050965
3.4;-0.151911638;-0.887578622;0.439195087
3.41;-0.182983212;-0.882695735;0.418442817
3.42;-0.21280067;-0.875371405;0.390366217
3.43;-0.241131713;-0.869267796;0.37205539
3.44;-0.26775184;-0.864384909;0.348861677
3.45;-0.292446238;-0.849736248;0.337875181
3.46;-0.315011649;-0.832646143;0.32322652
3.47;-0.335258185;-0.822880369;0.308577859
3.48;-0.353011087;-0.807010986;0.296370642
3.49;-0.368112409;-0.78870016;0.287825589
3.5;-0.380422607;-0.771610056;0.284163424
3.51;-0.389822019;-0.748416342;0.282942702
3.52;-0.396212225;-0.730105516;0.281721981
3.53;-0.399517257;-0.709353246;0.285384146
3.54;-0.399684669;-0.686159533;0.292708476
3.55;-0.396686424;-0.666627985;0.30247425
3.56;-0.390519612;-0.648317159;0.312240024
3.57;-0.381206966;-0.628785611;0.328109407
3.58;-0.368797183;-0.608033341;0.350082399
3.59;-0.353365027;-0.584839628;0.373276112
3.6;-0.335011216;-0.568970245;0.387924773
3.61;-0.313862081;-0.545776532;0.423325704
3.62;-0.290069001;-0.528686427;0.463609522
3.63;-0.263807604;-0.517699931;0.491686122
3.64;-0.235276734;-0.500609827;0.528307774
3.65;-0.2046972;-0.482299001;0.573474479
3.66;-0.172310292;-0.472533227;0.616199741
3.67;-0.138376082;-0.46765034;0.655262837
3.68;-0.103171521;-0.455443122;0.705312428
3.69;-0.066988331;-0.450560235;0.740713359
3.7;-0.030130722;-0.451780957;0.782217899
3.71;0.005315297;-0.444456626;0.822501717
3.72;0.033257515;-0.449339513;0.859123369
3.73;0.060983844;-0.448118791;0.912835126
3.74;0.088248129;-0.451780957;0.93602884
3.75;0.11480503;-0.450560235;0.968988327
3.76;0.14041226;-0.455443122;1.001947814
3.77;0.164832861;-0.463988174;1.019037919
3.78;0.187837471;-0.472533227;1.04101091
3.79;0.20920658;-0.476195392;1.064204623
3.8;0.228732753;-0.488402609;1.073970397
3.81;0.24622278;-0.501830549;1.081294728
3.82;0.261499748;-0.515258488;1.080074006
3.83;0.274405008;-0.526244984;1.077632563
3.84;0.284800011;-0.539672923;1.067866789
3.85;0.292567989;-0.553100862;1.055659571
3.86;0.297615473;-0.57263241;1.025141527
3.87;0.299873612;-0.592163958;1.001947814
3.88;0.299299288;-0.604371176;0.979974823
3.89;0.295875996;-0.62146128;0.949456779
3.9;0.289614492;-0.638551385;0.911614405
3.91;0.280553175;-0.650758602;0.870109865
3.92;0.268758213;-0.672731594;0.810294499
3.93;0.254323379;-0.680055924;0.784659342
3.94;0.237369621;-0.699587472;0.718740368
3.95;0.21804434;-0.71179469;0.68578088
3.96;0.196520375;-0.721560464;0.622303349
3.97;0.172994723;-0.731326238;0.569812314
3.98;0.147686963;-0.73987129;0.514879835
3.99;0.120837426;-0.748416342;0.463609522
4;0.092705098;-0.756961395;0.406235599
4.01;0.06356529;-0.759402838;0.356186007
4.02;0.033707078;-0.765506447;0.290267033
4.03;0.003430544;-0.770389334;0.248762493
4.04;-0.035941545;-0.76794789;0.193830014
4.05;-0.076186532;-0.770389334;0.151104753
4.06;-0.115741033;-0.765506447;0.112041657
4.07;-0.154187217;-0.769168612;0.071757839
4.08;-0.191113776;-0.759402838;0.031474022
4.09;-0.226120424;-0.752078508;-0.006368353
4.1;-0.258822385;-0.744754177;-0.038107118
4.11;-0.288854809;-0.73254696;-0.064962997
4.12;-0.315877067;-0.71911902;-0.090598154
4.13;-0.339576869;-0.704470359;-0.112571145
4.14;-0.359674168;-0.68371809;-0.127219806
4.15;-0.37592478;-0.673952316;-0.151634241
4.16;-0.388123694;-0.650758602;-0.150413519
4.17;-0.396108005;-0.630006332;-0.146751354
4.18;-0.399759439;-0.615357671;-0.151634241
4.19;-0.399006437;-0.590943236;-0.141868467
4.2;-0.393825734;-0.568970245;-0.121116197
4.21;-0.384243441;-0.546997253;-0.097922484
4.22;-0.370335571;-0.526244984;-0.069845884
4.23;-0.352228004;-0.50305127;-0.019796292
4.24;-0.330095877;-0.490844053;0.008280308
4.25;-0.304162386;-0.470091783;0.063212787
4.26;-0.274697003;-0.456663844;0.108379492
4.27;-0.242013108;-0.440794461;0.180402075
4.28;-0.206465061;-0.427366522;0.249983215
4.29;-0.16844472;-0.415159304;0.317122911
4.3;-0.128377444;-0.401731365;0.389145495
4.31;-0.086717609;-0.393186313;0.485582513
4.32;-0.043943686;-0.389524147;0.541735714
4.33;-0.00055292;-0.389524147;0.665028611
4.34;0.032208243;-0.390744869;0.752920577
4.35;0.064522871;-0.387082704;0.834708934
4.36;0.096140252;-0.389524147;0.905510796
4.37;0.126675374;-0.396848478;0.997064927
4.38;0.155751925;-0.400510643;1.06908751
4.39;0.183007041;-0.402952087;1.148434424
4.4;0.208095992;-0.413938582;1.205808347
4.41;0.230696738;-0.424925078;1.258299382
4.42;0.250514295;-0.438353017;1.333984131
4.43;0.26728484;-0.445677348;1.382813001
4.44;0.280779524;-0.459105287;1.425538262
4.45;0.290807899;-0.473753948;1.447511254
4.46;0.29722094;-0.489623331;1.476808576
4.47;0.299913591;-0.507934157;1.49389868
4.48;0.298826797;-0.52380354;1.503664454
4.49;0.293948985;-0.540893645;1.498781567
4.5;0.285316955;-0.550659419;1.48657435
4.51;0.273016167;-0.570190967;1.457277028
4.52;0.257180389;-0.588501793;1.426758984
4.53;0.237990701;-0.599488289;1.397461662
4.54;0.215673869;-0.611695506;1.336425574
4.55;0.190500063;-0.626344167;1.255857939
4.56;0.162779964;-0.637330663;1.210691234
4.57;0.132861271;-0.643434272;1.155758755
4.58;0.101124634;-0.651979324;1.071528954
4.59;0.067979073;-0.665407263;0.986078431
4.6;0.033856915;-0.667848707;0.887199969
4.61;-0.001055574;-0.672731594;0.771231403
4.62;-0.047339404;-0.667848707;0.680897993
4.63;-0.093084859;-0.667848707;0.603992523
4.64;-0.137668408;-0.666627985;0.489244678
4.65;-0.180475634;-0.660524376;0.374496834
4.66;-0.220909838;-0.654420768;0.264631876
4.67;-0.258400568;-0.647096437;0.160870527
4.68;-0.292411942;-0.63488922;0.054667735
4.69;-0.322450649;-0.62146128;-0.058859388
4.7;-0.348073502;-0.605591897;-0.163841459
4.71;-0.368894426;-0.583618906;-0.259057755
4.72;-0.38459077;-0.567749523;-0.359156939
4.73;-0.394908832;-0.546997253;-0.466580453
4.74;-0.399668503;-0.533569314;-0.53372015
4.75;-0.398766933;-0.510375601;-0.609404898
4.76;-0.392181163;-0.489623331;-0.670440986
4.77;-0.379969628;-0.471312505;-0.733918517
4.78;-0.362272521;-0.445677348;-0.776643778
4.79;-0.339310955;-0.43347013;-0.825472648
4.8;-0.311384921;-0.412717861;-0.845004196
4.81;-0.278870045;-0.391965591;-0.85476997
4.82;-0.242213167;-0.374875486;-0.857211414
4.83;-0.201926769;-0.365109712;-0.855990692
4.84;-0.158582323;-0.350461051;-0.830355535
4.85;-0.11280263;-0.344357443;-0.802278935
4.86;-0.065253243;-0.333370947;-0.752229343
4.87;-0.016633078;-0.329708782;-0.70095903
4.88;0.024251736;-0.32848806;-0.625274281
4.89;0.060688518;-0.330929503;-0.545927367
4.9;0.096283083;-0.329708782;-0.447048905
4.91;0.130490128;-0.33581239;-0.348170443
4.92;0.162779964;-0.338253834;-0.237084764
4.93;0.192646898;-0.348019608;-0.110129702
4.94;0.219617393;-0.355343938;0.01682536
4.95;0.243257874;-0.367551156;0.145001144
4.96;0.263182059;-0.380979095;0.265852598
4.97;0.279057669;-0.389524147;0.418442817
4.98;0.290612413;-0.409055695;0.65770428
4.99;0.297639133;-0.422483635;0.677235828
5;0.3;-0.43347013;0.861564813
5.01;0.297629683;-0.4542224;0.987299153
5.02;0.29053741;-0.465208896;1.109371328
5.03;0.278807866;-0.479857557;1.210691234
5.04;0.262600886;-0.496947662;1.370605783
5.05;0.242149927;-0.51647921;1.48657435
5.06;0.217759308;-0.527465705;1.557376211
5.07;0.189800245;-0.539672923;1.645268177
5.08;0.158705715;-0.549438697;1.736822309
5.09;0.124964213;-0.559204471;1.819831388
5.1;0.089112474;-0.564087358;1.858894484
5.11;0.051727275;-0.570190967;1.900399023
5.12;0.013416408;-0.578736019;1.958993668
5.13;-0.033588011;-0.579956741;2.000498207
5.14;-0.084606342;-0.577515297;2.029795529
5.15;-0.134312156;-0.577515297;2.04444419
5.16;-0.181864869;-0.573853132;2.054209964
5.17;-0.226452015;-0.564087358;2.04444419
5.18;-0.267303416;-0.557983749;2.031016251
5.19;-0.303704888;-0.545776532;2.006601816
5.2;-0.335011216;-0.537231479;1.968759442
5.21;-0.360658167;-0.517699931;1.91870985
5.22;-0.380173312;-0.499389105;1.860115206
5.23;-0.393185436;-0.479857557;1.811286336
5.24;-0.399432353;-0.457884565;1.698979934
5.25;-0.398766933;-0.444456626;1.655033951
5.26;-0.391161231;-0.424925078;1.561038376
5.27;-0.37670856;-0.404172808;1.471925689
5.28;-0.355623477;-0.382199817;1.364502174
5.29;-0.328239596;-0.362668269;1.224119173
5.3;-0.295005247;-0.345578164;1.092281224
5.31;-0.256477006;-0.327267338;0.989740597
5.32;-0.213311172;-0.312618677;0.856681926
5.33;-0.16625329;-0.299190738;0.734609751
5.34;-0.116125896;-0.288204242;0.595447471
5.35;-0.063814641;-0.282100633;0.466050965
5.36;-0.010253035;-0.277217746;0.336654459
5.37;0.032695455;-0.27965919;0.209699397
5.38;0.072560311;-0.275997024;0.097392996
5.39;0.111173067;-0.277217746;-0.014913405
5.4;0.147818202;-0.27965919;-0.121116197
5.41;0.181809848;-0.285762799;-0.230981155
5.42;0.212504908;-0.296749294;-0.322535286
5.43;0.2393156;-0.306515068;-0.403102922
5.44;0.261721167;-0.316280842;-0.476346227
5.45;0.279278518;-0.332150225;-0.53372015
5.46;0.291631583;-0.344357443;-0.578886854
5.47;0.298519166;-0.363888991;-0.621612116
5.48;0.29978112;-0.374875486;-0.647247272
5.49;0.2953627;-0.389524147;-0.66677882
5.5;0.285316955;-0.406614252;-0.683868925
5.51;0.269805094;-0.422483635;-0.686310369
5.52;0.249094763;-0.437132296;-0.682648203
5.53;0.223556228;-0.455443122;-0.677765316
5.54;0.193656502;-0.465208896;-0.657013046
5.55;0.159951486;-0.479857557;-0.621612116
5.56;0.12307624;-0.487181888;-0.604522011
5.57;0.083733533;-0.49572694;-0.572783246
5.58;0.042680882;-0.505492714;-0.537382315
5.59;0.000716282;-0.504271992;-0.487332723
5.6;-0.055116116;-0.506713436;-0.442166018
5.61;-0.110195885;-0.504271992;-0.387233539
5.62;-0.163184322;-0.50305127;-0.322535286
5.63;-0.213013438;-0.496947662;-0.266382086
5.64;-0.258669054;-0.489623331;-0.212670329
5.65;-0.29921192;-0.479857557;-0.149192798
5.66;-0.333797651;-0.468871061;-0.084494545
5.67;-0.361695053;-0.448118791;-0.01857557
5.68;-0.382302423;-0.431028687;0.031474022
5.69;-0.395161455;-0.418821469;0.092510109
5.7;-0.399968418;-0.393186313;0.160870527
5.71;-0.396582317;-0.372434043;0.234113832
5.72;-0.385029812;-0.354123217;0.289046311
5.73;-0.365506723;-0.332150225;0.359848173
5.74;-0.338376039;-0.311397955;0.422104982
5.75;-0.304162386;-0.297970016;0.486803235
5.76;-0.263543014;-0.277217746;0.561267262
5.77;-0.217335426;-0.262569085;0.627186236
5.78;-0.166481848;-0.251582589;0.688222324
5.79;-0.112030798;-0.236933928;0.759024186
5.8;-0.055116116;-0.225947433;0.844474708
5.81;0.002299623;-0.225947433;0.890862135
5.82;0.045961981;-0.225947433;0.954339666
5.83;0.088716416;-0.228388876;1.009272145
5.84;0.129640835;-0.225947433;1.067866789
5.85;0.167844677;-0.233271763;1.11059205
5.86;0.202488602;-0.241816815;1.15942092
5.87;0.232803355;-0.254024033;1.18749752
5.88;0.258107392;-0.26623125;1.211911955
5.89;0.277822859;-0.277217746;1.244871443
5.9;0.29148952;-0.289424964;1.260740826
5.91;0.298776305;-0.306515068;1.272948043
5.92;0.299490172;-0.322384451;1.2705066
5.93;0.29358203;-0.339474556;1.25707866
5.94;0.281149539;-0.352902495;1.243650721
5.95;0.262436665;-0.369992599;1.207029068
5.96;0.237829943;-0.383420539;1.172848859
5.97;0.207851464;-0.394407034;1.127682155
5.98;0.173148688;-0.410276417;1.084956893
5.99;0.134481267;-0.422483635;1.019037919
6;0.092705098;-0.428587243;0.948236057
6.01;0.048753952;-0.431028687;0.870109865
6.02;0.003619027;-0.439573739;0.787100786
6.03;-0.055564155;-0.442015183;0.666249332
6.04;-0.114778363;-0.442015183;0.585681697
6.05;-0.171447914;-0.434690852;0.461168078
6.06;-0.224250973;-0.432249409;0.347640955
6.07;-0.271944492;-0.423704356;0.260969711
6.08;-0.313394106;-0.409055695;0.130352483
6.09;-0.347601934;-0.396848478;0.014383917
6.1;-0.373731577;-0.387082704;-0.115012589
6.11;-0.391129677;-0.366330434;-0.238305486
6.12;-0.399343461;-0.348019608;-0.365260548
6.13;-0.398133773;-0.326046616;-0.472684062
6.14;-0.387483218;-0.305294347;-0.583769741
6.15;-0.367599109;-0.282100633;-0.675323873
6.16;-0.33891108;-0.263789807;-0.770540169
6.17;-0.302063304;-0.247920424;-0.85476997
6.18;-0.25790142;-0.228388876;-0.92435111
6.19;-0.207454391;-0.213740215;-0.979283589
6.2;-0.151911638;-0.196650111;-1.017125963
6.21;-0.092595931;-0.186884337;-1.050085451
6.22;-0.030932624;-0.183222171;-1.067175555
6.23;0.023688057;-0.180780728;-1.072058442
6.24;0.070070266;-0.186884337;-1.07083772
6.25;0.11480503;-0.188105058;-1.050085451
6.26;0.156781712;-0.18932578;-1.01468452
6.27;0.194949056;-0.194208667;-0.974400702
6.28;0.228341996;-0.205195163;-0.921909667
6.29;0.256106696;-0.222285267;-0.815706874
6.3;0.277523162;-0.228388876;-0.771760891
6.31;0.292024815;-0.241816815;-0.677765316
6.32;0.299214464;-0.255244755;-0.581328298
6.33;0.298876228;-0.274776303;-0.478787671
6.34;0.290983022;-0.293087129;-0.367701991
6.35;0.275699331;-0.302852903;-0.249291981
6.36;0.253379146;-0.321163729;-0.11623331
6.37;0.224558993;-0.337033112;0.00950103
6.38;0.189946183;-0.351681773;0.134014649
6.39;0.150402483;-0.359006104;0.260969711
6.4;0.106923564;-0.369992599;0.374496834
6.41;0.060614676;-0.376096208;0.4904654
6.42;0.012663138;-0.380979095;0.625965515
6.43;-0.047588956;-0.385861982;0.70653315
6.44;-0.110920495;-0.382199817;0.816398108
6.45;-0.171447914;-0.379758373;0.912835126
6.46;-0.227569445;-0.374875486;0.998285649
6.47;-0.277787005;-0.369992599;1.070308232
6.48;-0.320746969;-0.360226825;1.114254215
6.49;-0.355277678;-0.345578164;1.164303807
6.5;-0.380422607;-0.32848806;1.204587625
6.51;-0.395468246;-0.306515068;1.230222782
6.52;-0.399965841;-0.291866407;1.246092164
6.53;-0.393746303;-0.272334859;1.255857939
6.54;-0.376927783;-0.249141146;1.254637217
6.55;-0.349915554;-0.227168154;1.243650721
6.56;-0.313394106;-0.203974441;1.204587625
6.57;-0.268311513;-0.18932578;1.176511025
6.58;-0.215856379;-0.177118563;1.144772259
6.59;-0.157427882;-0.164911345;1.106929885
6.6;-0.094599599;-0.152704128;1.067866789
6.61;-0.029078042;-0.141717632;1.009272145
6.62;0.028007295;-0.141717632;0.962884718
6.63;0.077123646;-0.142938354;0.912835126
6.64;0.124175418;-0.144159075;0.85301976
6.65;0.167844677;-0.147821241;0.790762951
6.66;0.206897996;-0.153924849;0.732168307
6.67;0.24022192;-0.164911345;0.667470054
6.68;0.26685554;-0.177118563;0.599109636
6.69;0.286019195;-0.192987945;0.524645609
6.7;0.297138428;-0.206415885;0.450181582
6.71;0.299862434;-0.223505989;0.384262608
6.72;0.294076384;-0.243037537;0.301253529
6.73;0.279907166;-0.255244755;0.234113832
6.74;0.25772228;-0.272334859;0.162091249
6.75;0.22812179;-0.284542077;0.090068666
6.76;0.19192347;-0.299190738;0.00950103
6.77;0.150141454;-0.308956512;-0.066183719
6.78;0.103958899;-0.322384451;-0.143089189
6.79;0.054695369;-0.330929503;-0.213891051
6.8;0.003769812;-0.333370947;-0.289575799
6.81;-0.063119839;-0.338253834;-0.368922713
6.82;-0.129519411;-0.33581239;-0.449490349
6.83;-0.192216758;-0.333370947;-0.505643549
6.84;-0.249351005;-0.333370947;-0.574003967
6.85;-0.29921192;-0.323605173;-0.627715724
6.86;-0.340292157;-0.315060121;-0.70095903
6.87;-0.371334151;-0.293087129;-0.780305943
6.88;-0.391370164;-0.27965919;-0.825472648
6.89;-0.399754182;-0.256465476;-0.871860075
6.9;-0.39618457;-0.235713207;-0.91702678
6.91;-0.380716647;-0.213740215;-0.956089876
6.92;-0.353764642;-0.194208667;-0.981725032
6.93;-0.316092811;-0.169794232;-0.981725032
6.94;-0.268795791;-0.158807736;-0.99393225
6.95;-0.213268648;-0.141717632;-0.984166476
6.96;-0.15116734;-0.125848249;-0.95242771
6.97;-0.084360684;-0.113641032;-0.914585336
6.98;-0.014875152;-0.114861753;-0.86819791
6.99;0.041374426;-0.109978866;-0.793733883
7;0.092705098;-0.114861753;-0.720490578
7.01;0.14124444;-0.116082475;-0.633819333
7.02;0.18547643;-0.122186084;-0.537382315
7.03;0.224008173;-0.129510414;-0.420193027
7.04;0.255614606;-0.134393301;-0.295679408
7.05;0.279278518;-0.147821241;-0.179710842
7.06;0.294224547;-0.162469902;-0.022237736
7.07;0.299945993;-0.179560006;0.101055161
7.08;0.29622348;-0.194208667;0.249983215
7.09;0.283134747;-0.211298772;0.375717556
7.1;0.261055126;-0.228388876;0.512438392
7.11;0.230648532;-0.249141146;0.665028611
7.12;0.192849118;-0.26623125;0.789542229
7.13;0.148834038;-0.272334859;0.900627909
7.14;0.09998805;-0.288204242;1.000727092
7.15;0.047860981;-0.289424964;1.122799268
7.16;-0.007840913;-0.30041146;1.189938964
7.17;-0.079342134;-0.295528573;1.265623713
7.18;-0.148370806;-0.295528573;1.341308461
7.19;-0.212672969;-0.296749294;1.39624094
7.2;-0.270133123;-0.289424964;1.43774548
7.21;-0.318844813;-0.284542077;1.469484245
7.22;-0.357175236;-0.265010529;1.504885176
7.23;-0.383821641;-0.250361868;1.513430228
7.24;-0.397857523;-0.227168154;1.510988785
7.25;-0.398766933;-0.205195163;1.491457237
7.26;-0.386465571;-0.18200145;1.460939193
7.27;-0.361307761;-0.166132067;1.421876097
7.28;-0.324078868;-0.144159075;1.382813001
7.29;-0.275973172;-0.127068971;1.329101244
7.3;-0.218557739;-0.113641032;1.25707866
7.31;-0.153723285;-0.100213092;1.20092546
7.32;-0.083623512;-0.084343709;1.144772259
7.33;-0.010604774;-0.081902266;1.071528954
7.34;0.047153736;-0.078240101;1.000727092
7.35;0.100734117;-0.077019379;0.911614405
7.36;0.150956665;-0.083122988;0.829826047
7.37;0.196092762;-0.090447318;0.715078202
7.38;0.234576305;-0.096550927;0.658925002
7.39;0.265059093;-0.108758145;0.56004654
7.4;0.286459363;-0.117303197;0.473375296
7.41;0.298001706;-0.134393301;0.368393225
7.42;0.29924684;-0.149041962;0.276839094
7.43;0.290110049;-0.160028458;0.198712902
7.44;0.270867486;-0.183222171;0.088847944
7.45;0.242149927;-0.191767224;0.007059586
7.46;0.204924013;-0.207636606;-0.085715267
7.47;0.160461462;-0.224726711;-0.18581445
7.48;0.110297145;-0.236933928;-0.27614786
7.49;0.056177363;-0.245478981;-0.370143435
7.5;2.9373E-16;-0.25890692;-0.467801175
7.51;-0.0750019;-0.261348363;-0.545927367
7.52;-0.147436745;-0.257686198;-0.632598611
7.53;-0.214712546;-0.260127642;-0.731477073
7.54;-0.27440456;-0.246699702;-0.808382544
7.55;-0.324343832;-0.235713207;-0.885288014
7.56;-0.362697587;-0.221064546;-0.969517815
7.57;-0.388038441;-0.208857328;-1.046423285
7.58;-0.399399775;-0.185663615;-1.103797208
7.59;-0.396315037;-0.164911345;-1.163612573
7.6;-0.378839322;-0.149041962;-1.21
7.61;-0.34755218;-0.125848249;-1.21
7.62;-0.303541268;-0.092888762;-1.21
7.63;-0.248367185;-0.086785153;-1.21
7.64;-0.184010491;-0.067253605;-1.21
7.65;-0.11280263;-0.055046387;-1.21
7.66;-0.03734306;-0.048942779;-1.21
7.67;0.029695889;-0.044059892;-1.21
7.68;0.086372639;-0.04283917;-1.21
7.69;0.139912287;-0.047722057;-1.169716182
7.7;0.188307408;-0.0501635;-1.097693599
7.71;0.229729844;-0.058708553;-1.019567407
7.72;0.262600886;-0.074577935;-0.936558328
7.73;0.2856529;-0.085564431;-0.829134813
7.74;0.297979928;-0.103875257;-0.721711299
7.75;0.2990752;-0.109978866;-0.58987335
7.76;0.28885395;-0.129510414;-0.460476844
7.77;0.267660442;-0.147821241;-0.323756008
7.78;0.236258737;-0.158807736;-0.183373007
7.79;0.195807299;-0.179560006;-0.036886397
7.8;0.147818202;-0.18932578;0.10715877
7.81;0.094102285;-0.206415885;0.237775998
7.82;0.036702156;-0.213740215;0.363510338
7.83;-0.029579344;-0.218623102;0.46971313
7.84;-0.107051418;-0.213740215;0.602771801
7.85;-0.180475634;-0.213740215;0.697988098
7.86;-0.246985721;-0.203974441;0.793204395
7.87;-0.303966431;-0.199091554;0.8664477
7.88;-0.349157931;-0.183222171;0.950677501
7.89;-0.380747472;-0.173456397;0.993402762
7.9;-0.397444524;-0.155145571;1.038569467
7.91;-0.39853621;-0.135614023;1.073970397
7.92;-0.383920549;-0.111199588;1.098384833
7.93;-0.354115903;-0.092888762;1.104488441
7.94;-0.310245895;-0.07091577;1.106929885
7.95;-0.254000084;-0.0501635;1.11059205
7.96;-0.187571612;-0.034294118;1.10326772
7.97;-0.113574007;-0.023307622;1.08983978
7.98;-0.03494019;-0.013541848;1.076411841
7.99;0.033894373;-0.012321126;1.053218128
8;0.092705098;-0.012321126;1.030024414
8.01;0.147851006;-0.019645457;0.994623484
8.02;0.19708944;-0.024528344;0.960443275
8.03;0.238403233;-0.029411231;0.934808118
8.04;0.270084692;-0.046501335;0.889641413
8.05;0.290807899;-0.055046387;0.850578317
8.06;0.299686211;-0.074577935;0.795645838
8.07;0.296312397;-0.090447318;0.738271916
8.08;0.280779524;-0.103875257;0.679677272
8.09;0.253681459;-0.118523919;0.614979019
8.1;0.216092707;-0.131951858;0.530749218
8.11;0.169528118;-0.147821241;0.446519417
8.12;0.115883868;-0.164911345;0.340316625
8.13;0.057361937;-0.171014954;0.260969711
8.14;-0.004825369;-0.173456397;0.157208362
8.15;-0.086030495;-0.18200145;0.053447013
8.16;-0.163734845;-0.179560006;-0.053976501
8.17;-0.234666555;-0.179560006;-0.179710842
8.18;-0.295818606;-0.16857351;-0.288355077
8.19;-0.344577941;-0.155145571;-0.456814679
8.2;-0.378839322;-0.145379797;-0.555693141
8.21;-0.39709891;-0.131951858;-0.682648203
8.22;-0.398523292;-0.111199588;-0.804720378
8.23;-0.382990698;-0.092888762;-0.915806058
8.24;-0.351102251;-0.073357214;-1.020788128
8.25;-0.304162386;-0.053825666;-1.114783703
8.26;-0.244128859;-0.035514839;-1.199013504
8.27;-0.173534086;-0.013541848;-1.21
8.28;-0.09538084;0.001106813;-1.21
8.29;-0.013016462;0.003548257;3.715612268
8.3;0.052506918;0.008431144;3.718053712
8.31;0.112572257;0.0059897;3.703405051
8.32;0.167813429;0.001106813;3.69608072
8.33;0.21580485;-0.008658961;3.683873503
8.34;0.254423307;-0.01476257;3.704625772
8.35;0.281943585;-0.029411231;3.715612268
8.36;0.297117612;-0.040397726;3.713170825
8.37;0.299233432;-0.055046387;-1.21
8.38;0.28815113;-0.075798657;-1.21
8.39;0.264313799;-0.095330205;-1.21
8.4;0.228732753;-0.111199588;-1.146522469
8.41;0.182947291;-0.123406806;-1.054968338
8.42;0.128960479;-0.138055467;-0.976842145
8.43;0.069153512;-0.151483406;-0.884067292
8.44;0.006182217;-0.16124918;-0.765657282
8.45;-0.076186532;-0.162469902;-0.688751812
8.46;-0.157289244;-0.160028458;-0.588652628
8.47;-0.231398237;-0.155145571;-0.487332723
8.48;-0.295140993;-0.145379797;-0.390895705
8.49;-0.345594679;-0.138055467;-0.300562295
8.5;-0.380422607;-0.124627527;-0.209008164
8.51;-0.397985448;-0.105095979;-0.117454032
8.52;-0.397421783;-0.089226596;-0.029562066
8.53;-0.378693888;-0.069695048;0.0583299
8.54;-0.342596233;-0.047722057;0.146221866
8.55;-0.290725786;-0.025749065;0.230451667
8.56;-0.225415033;-0.007438239;0.309798581
8.57;-0.1496303;0.009651865;0.38548333
8.58;-0.066839659;0.023079805;0.499010452
8.59;0.014357875;0.030404135;0.603992523
8.6;0.078252452;0.025521248;0.696767376
8.61;0.138576598;0.025521248;0.79686656
8.62;0.192502365;0.016976196;0.887199969
8.63;0.237484843;0.013314031;0.986078431
8.64;0.271383875;0.002327535;1.071528954
8.65;0.292567989;-0.011100404;1.15209659
8.66;0.299995414;-0.026969787;1.219236286
8.67;0.293268074;-0.046501335;1.293700313
8.68;0.272655632;-0.064812161;1.352294957
8.69;0.239088074;-0.081902266;1.41699321
8.7;0.194116788;-0.097771649;1.440186923
8.71;0.139845586;-0.11242031;1.470704967
8.72;0.078834598;-0.118523919;1.497560845
8.73;0.013981304;-0.134393301;1.495119402
8.74;-0.068821157;-0.130731136;1.497560845
8.75;-0.153073373;-0.135614023;1.470704967
8.76;-0.230043224;-0.129510414;1.441407645
8.77;-0.295987718;-0.11974464;1.399903105
8.78;-0.347676524;-0.11242031;1.340087739
8.79;-0.382552914;-0.096550927;1.264402991
8.8;-0.39886356;-0.079460822;1.192380407
8.81;-0.395750443;-0.057487831;1.105709163
8.82;-0.373299913;-0.037956283;1.015375753
8.83;-0.33254595;-0.019645457;0.889641413
8.84;-0.275426895;0.0059897;0.782217899
8.85;-0.2046972;0.025521248;0.668690776
8.86;-0.123798003;0.037728466;0.545397879
8.87;-0.036692413;0.049935683;0.436753643
8.88;0.039245068;0.049935683;0.314681468
8.89;0.104135694;0.046273518;0.217023728
8.9;0.163918304;0.043832074;0.113262379
8.91;0.21559524;0.036507744;0.010721752
8.92;0.256557186;0.02674197;-0.075949493
8.93;0.284716967;0.018196918;-0.156517128
8.94;0.298618458;-0.007438239;-0.27614786
8.95;0.297514818;-0.012321126;-0.313990234
8.96;0.281411704;-0.034294118;-0.389674983
8.97;0.251072864;-0.0501635;-0.448269627
8.98;0.207987345;-0.068474327;-0.504422827
8.99;0.154299531;-0.089226596;-0.56179675
9;0.092705098;-0.096550927;-0.608184176
9.01;0.026317805;-0.107537423;-0.663116655
9.02;-0.055315253;-0.109978866;-0.716828412
9.03;-0.142987341;-0.109978866;-0.770540169
9.04;-0.223417801;-0.108758145;-0.819369039
9.05;-0.292446238;-0.102654536;-0.86819791
9.06;-0.346477163;-0.089226596;-0.910923171
9.07;-0.382670189;-0.079460822;-0.958531319
9.08;-0.399092984;-0.056267109;-0.991490806
9.09;-0.394828578;-0.040397726;-1.026891737
9.1;-0.370030883;-0.017204013;-1.050085451
9.11;-0.325924893;0.004768978;-1.061071946
9.12;-0.264750899;0.021859083;-1.068396277
9.13;-0.189654953;0.037728466;-1.069616999
9.14;-0.104530691;0.057260014;-1.041540398
9.15;-0.013820257;0.067025788;-1.00125658
9.16;0.058286741;0.067025788;-0.95242771
9.17;0.123935144;0.067025788;-0.881625849
9.18;0.183096644;0.062142901;-0.808382544
9.19;0.232613017;0.057260014;-0.713166247
9.2;0.269821575;0.037728466;-0.58254902
9.21;0.292700827;0.02674197;-0.501981384
9.22;0.299983287;0.012093309;-0.379909209
9.23;0.291229027;0.001106813;-0.256616312
9.24;0.26685554;-0.019645457;-0.118674754
9.25;0.22812179;-0.035514839;0.014383917
9.26;0.177066754;-0.059929274;0.134014649
9.27;0.116405257;-0.068474327;0.264631876
9.28;0.049386205;-0.077019379;0.375717556
9.29;-0.027172683;-0.088005875;0.474596017
9.3;-0.118816633;-0.086785153;0.573474479
9.31;-0.204092293;-0.086785153;0.652821393
9.32;-0.278329019;-0.079460822;0.721181811
9.33;-0.337434578;-0.069695048;0.774893568
9.34;-0.37812371;-0.055046387;0.809073777
9.35;-0.398104561;-0.034294118;0.844474708
9.36;-0.396212225;-0.013541848;0.860344091
9.37;-0.372481394;0.0059897;0.867668421
9.38;-0.328153392;0.021859083;0.856681926
9.39;-0.265616423;0.049935683;0.84569543
9.4;-0.188281573;0.065805066;0.822501717
9.41;-0.10040071;0.084115892;0.806632334
9.42;-0.006835773;0.091440223;0.790762951
9.43;0.065406181;0.090219501;0.770010681
9.44;0.132354028;0.091440223;0.75536202
9.45;0.191952444;0.079233005;0.730947585
9.46;0.240830257;0.076791562;0.716298924
9.47;0.276202168;0.064584344;0.688222324
9.48;0.296030271;0.049935683;0.663807889
9.49;0.299144828;0.035287022;0.632069123
9.5;0.285316955;0.016976196;0.594226749
9.51;0.255278544;-0.00133463;0.545397879
9.52;0.210687667;-0.018424735;0.505114061
9.53;0.15404081;-0.030631952;0.451402304
9.54;0.088536334;-0.044059892;0.387924773
9.55;0.017896446;-0.059929274;0.317122911
9.56;-0.071790127;-0.064812161;0.228010224
9.57;-0.163413752;-0.06359144;0.123028153
9.58;-0.245718487;-0.058708553;0.018046082
9.59;-0.313924394;-0.045280613;-0.086935988
9.6;-0.364042388;-0.039177005;-0.223656825
9.61;-0.393111327;-0.019645457;-0.344508278
9.62;-0.399377552;0.001106813;-0.472684062
9.63;-0.382405778;0.020638361;-0.598418402
9.64;-0.343114053;0.041390631;-0.720490578
9.65;-0.283729892;0.056039292;-0.836459144
9.66;-0.207669234;0.079233005;-0.931675441
9.67;-0.119344483;0.092660945;-1.025671015
9.68;-0.023912104;0.101205997;-1.106238651
9.69;0.054769502;0.110971771;-1.159950408
9.7;0.124312674;0.107309606;-1.207558556
9.71;0.186570756;0.107309606;-1.21
9.72;0.237829943;0.093881666;-1.21
9.73;0.275011015;0.082895171;-1.21
9.74;0.295857287;0.07557084;-1.21
9.75;0.2990752;0.053597848;-1.21
9.76;0.284418582;0.037728466;-1.21
9.77;0.252710891;0.023079805;-1.18924773
9.78;0.20580342;-0.000113909;-1.148963912
9.79;0.146471235;-0.011100404;-1.089148547
9.8;0.078252452;-0.031852674;-1.041540398
9.81;0.00523991;-0.034294118;-0.975621424
9.82;-0.090883536;-0.037956283;-0.914585336
9.83;-0.1833407;-0.035514839;-0.845004196
9.84;-0.264750899;-0.031852674;-0.781526665
9.85;-0.330124263;-0.020866178;-0.716828412
9.86;-0.375424201;-0.01476257;-0.658233768
9.87;-0.397821001;0.0059897;-0.586211185
9.88;-0.395873768;0.024300526;-0.52029221
9.89;-0.369628709;0.048714961;-0.448269627
9.9;-0.320626794;0.070687953;-0.368922713
9.91;-0.251819294;0.082895171;-0.292017243
9.92;-0.16739542;0.097543832;-0.205345998
9.93;-0.072531738;0.115854658;-0.10890898
9.94;0.020191448;0.128061875;-0.006368353
9.95;0.093600989;0.129282597;0.115703822
9.96;0.161257;0.120737545;0.232893111
9.97;0.21892271;0.115854658;0.367172503
9.98;0.262964618;0.108530327;0.495348287
9.99;0.290584321;0.091440223;0.630848402
10;0.3;0.079233005;0.74803769
10.01;0.290565571;0.057260014;0.892082856
10.02;0.262819324;0.045052796;0.979974823
10.03;0.218458187;0.030404135;1.08251545
10.04;0.160238427;0.013314031;1.175290303
10.05;0.091808293;0.002327535;1.254637217
10.06;0.017482478;-0.015983291;1.327880522
10.07;-0.077370472;-0.01476257;1.391358053
10.08;-0.173216998;-0.015983291;1.435304036
10.09;-0.258093481;-0.013541848;1.462159915
10.1;-0.3265357;-0.002555352;1.48657435
10.11;-0.374106495;0.008431144;1.49389868
10.12;-0.39768805;0.023079805;1.484132906
10.13;-0.395691783;0.045052796;1.467042802
10.14;-0.368171383;0.062142901;1.43774548
10.15;-0.316830646;0.081674449;1.40356527
10.16;-0.244924447;0.102426719;1.348632792
10.17;-0.157058132;0.118296101;1.301024643
10.18;-0.058897283;0.135386206;1.247312886
10.19;0.032395642;0.143931258;1.182614633
10.2;0.106923564;0.143931258;1.128902876
10.21;0.174531292;0.140269093;1.073970397
10.22;0.230769021;0.132944762;1.010492866
10.23;0.271911806;0.113413214;0.925042344
10.24;0.2952096;0.106088884;0.854240482
10.25;0.2990752;0.091440223;0.771231403
10.26;0.283197002;0.064584344;0.632069123
10.27;0.248568299;0.05481857;0.583240253
10.28;0.197430282;0.037728466;0.467271687
10.29;0.133131607;0.025521248;0.369613947
10.3;0.059912994;0.013314031;0.248762493
10.31;-0.023159429;-0.002555352;0.119365988
10.32;-0.124753561;-0.004996796;-0.01857557
10.33;-0.218094444;-0.000113909;-0.173607233
10.34;-0.296898899;0.004768978;-0.329859617
10.35;-0.355830351;0.020638361;-0.489774166
10.36;-0.390864573;0.032845579;-0.663116655
10.37;-0.399570043;0.048714961;-0.841342031
10.38;-0.381283022;0.067025788;-0.997594415
10.39;-0.337164389;0.087778058;-1.151405356
10.4;-0.270133123;0.110971771;-1.21
10.41;-0.184679629;0.121958267;3.708287938
10.42;-0.086570393;0.136606928;3.572787823
10.43;0.013152773;0.147593423;3.460481422
10.44;0.09040747;0.147593423;3.337188525
10.45;0.161543004;0.147593423;3.259062333
10.46;0.221660839;0.142710536;3.190701915
10.47;0.266596696;0.132944762;3.121120775
10.48;0.29321237;0.118296101;3.060084688
10.49;0.29961919;0.10364744;2.9990486
10.5;0.285316955;0.084115892;2.955102617
10.51;0.251237811;0.070687953;2.903832303
10.52;0.19969105;0.045052796;2.857444877
10.53;0.134211606;0.035287022;2.834251164
10.54;0.059321839;0.018196918;2.801291676
10.55;-0.026370239;0.009651865;2.773215076
10.56;-0.130089953;0.010872587;2.746359197
10.57;-0.224791776;0.009651865;2.720724041
10.58;-0.303803003;0.014534752;2.699971771
10.59;-0.361523152;0.030404135;2.690205997
10.6;-0.393825734;0.04749424;2.670674449
10.61;-0.398359323;0.064584344;2.656025788
10.62;-0.374725567;0.087778058;2.647480735
10.63;-0.324520245;0.106088884;2.635273518
10.64;-0.251233032;0.121958267;2.624287022
10.65;-0.160011655;0.142710536;2.621845579
10.66;-0.057305848;0.159800641;2.616962692
10.67;0.037188514;0.164683528;2.616962692
10.68;0.114770199;0.158579919;2.609638361
10.69;0.18419961;0.156138476;2.612079805
10.7;0.240470095;0.15247631;2.616962692
10.71;0.279498238;0.141489815;2.618183413
10.72;0.298424165;0.126841154;2.6230663
10.73;0.295826011;0.104868162;2.625507744
10.74;0.271832117;0.093881666;2.646260014
10.75;0.22812179;0.074350118;2.647480735
10.76;0.167813429;0.057260014;2.663350118
10.77;0.095247008;0.040169909;2.673115892
10.78;0.015675689;0.027962692;2.693868162
10.79;-0.086815747;0.024300526;2.718282597
10.8;-0.188281573;0.023079805;2.735372702
10.81;-0.276045935;0.031624857;2.765890745
10.82;-0.343629707;0.037728466;2.778097963
10.83;-0.386008062;0.058480735;2.820823224
10.84;-0.399990096;0.071908675;2.855003433
10.85;-0.384466169;0.088998779;2.887962921
10.86;-0.340503342;0.109751049;2.917260243
10.87;-0.271280286;0.132944762;2.977075608
10.88;-0.181864869;0.147593423;3.041773861
10.89;-0.078849405;0.163462806;3.102809949
10.9;0.022598042;0.17322858;3.167508202
10.91;0.102720184;0.167124971;3.250517281
10.92;0.175235803;0.172007858;3.337188525
10.93;0.234693763;0.162242084;3.436066987
10.94;0.276597887;0.147593423;3.538607614
10.95;0.297751065;0.137827649;3.654576181
10.96;0.29650431;0.120737545;-1.21
10.97;0.272891022;0.099985275;-1.173378347
10.98;0.228635151;0.076791562;-1.023229572
10.99;0.167031371;0.062142901;-0.869418631
11;0.092705098;0.048714961;-0.711945525
11.01;0.011269382;0.040169909;-0.552030976
11.02;-0.094794945;0.0340663;-0.398220035
11.03;-0.197484472;0.0340663;-0.256616312
11.04;-0.2851788;0.041390631;-0.115012589
11.05;-0.351126331;0.048714961;0.014383917
11.06;-0.39021259;0.064584344;0.136456092
11.07;-0.399363458;0.080453727;0.242658885
11.08;-0.377794609;0.107309606;0.37205539
11.09;-0.327086376;0.125620432;0.448960861
11.1;-0.251076545;0.142710536;0.534411383
11.11;-0.155577549;0.161021363;0.610096132
11.12;-0.047938297;0.179332189;0.70653315
11.13;0.04763767;0.184215076;0.80419089
11.14;0.127597327;0.179332189;0.888420691
11.15;0.197685619;0.176890745;0.981195544
11.16;0.252405702;0.172007858;1.067866789
11.17;0.287438067;0.156138476;1.13866865
11.18;0.299986318;0.14515198;1.224119173
11.19;0.289006146;0.12439971;1.294921035
11.2;0.255298345;0.113413214;1.360840009
11.21;0.201457211;0.093881666;1.414551766
11.22;0.131676973;0.076791562;1.463380636
11.23;0.051430173;0.064584344;1.497560845
11.24;-0.043943686;0.05481857;1.513430228
11.25;-0.153073373;0.052377127;1.520754559
11.26;-0.250136289;0.058480735;1.520754559
11.27;-0.327375457;0.063363622;1.497560845
11.28;-0.378580438;0.076791562;1.469484245
11.29;-0.399593028;0.091440223;1.421876097
11.3;-0.388652693;0.107309606;1.365722896
11.31;-0.346552493;0.131724041;1.302245365
11.32;-0.276591101;0.150034867;1.237547112
11.33;-0.184322837;0.176890745;1.141110094
11.34;-0.077123875;0.180552911;1.075191119
11.35;0.027294061;0.190318685;0.993402762
11.36;0.110297145;0.200084459;0.916497292
11.37;0.184437566;0.19398085;0.828605325
11.38;0.243676379;0.189097963;0.741934081
11.39;0.283159662;0.175670024;0.655262837
11.4;0.299621087;0.164683528;0.567370871
11.41;0.291658089;0.147593423;0.466050965
11.42;0.259857872;0.131724041;0.370834668
11.43;0.20676146;0.109751049;0.263411154
11.44;0.136667201;0.095102388;0.154766918
11.45;0.055288335;0.080453727;0.048564126
11.46;-0.040944791;0.074350118;-0.084494545
11.47;-0.152330036;0.071908675;-0.221215381
11.48;-0.251233032;0.074350118;-0.381129931
11.49;-0.32944155;0.081674449;-0.532499428
11.5;-0.380422607;0.093881666;-0.699738308
11.51;-0.399874936;0.113413214;-0.85476997
11.52;-0.386100161;0.129282597;-1.01468452
11.53;-0.340159992;0.146372702;-1.170936904
11.54;-0.265804287;0.169566415;-1.21
11.55;-0.169173839;0.182994354;3.69608072
11.56;-0.058300605;0.196422293;3.554476997
11.57;0.043165928;0.206188067;3.470247196
11.58;0.126504482;0.207408789;3.323760586
11.59;0.199268686;0.204967346;3.277373159
11.6;0.255298345;0.200084459;3.213895628
11.61;0.289819986;0.189097963;3.136990158
11.62;0.299858988;0.170787137;3.084499123
11.63;0.284502413;0.153697032;3.038111696
11.64;0.24498884;0.134165484;2.994165713
11.65;0.184615911;0.112192493;2.95021973
11.66;0.10847175;0.102426719;2.924584573
11.67;0.023011532;0.090219501;2.897728695
11.68;-0.085981405;0.088998779;2.878197147
11.69;-0.195382708;0.088998779;2.863548486
11.7;-0.28812361;0.090219501;2.850120546
11.71;-0.356197001;0.097543832;2.844016938
11.72;-0.393684176;0.115854658;2.841575494
11.73;-0.397277375;0.135386206;2.839134051
11.74;-0.366580858;0.151255589;2.841575494
11.75;-0.304162386;0.172007858;2.851341268
11.76;-0.215348315;0.191539406;2.864769207
11.77;-0.107777706;0.207408789;2.88063859
11.78;0.006936019;0.217174563;2.894066529
11.79;0.094173875;0.225719615;2.938012512
11.8;0.173271811;0.218395285;2.967309834
11.81;0.237300444;0.217174563;3.007593652
11.82;0.280619881;0.20130518;3.061305409
11.83;0.299381694;0.189097963;3.106472114
11.84;0.291877357;0.163462806;3.199246967
11.85;0.258701093;0.153697032;3.252958724
11.86;0.202711031;0.136606928;3.290801099
11.87;0.128790262;0.119516823;3.407990387
11.88;0.043427059;0.107309606;3.493440909
11.89;-0.061133621;0.101205997;3.606968032
11.9;-0.174846307;0.097543832;3.715612268
11.91;-0.273121865;0.101205997;-1.21
11.92;-0.347178325;0.109751049;-1.167274739
11.93;-0.390355737;0.121958267;-1.054968338
11.94;-0.398723171;0.14515198;-0.926792554
11.95;-0.371446161;0.158579919;-0.807161822
11.96;-0.310879472;0.182994354;-0.667999542
11.97;-0.222374351;0.197643015;-0.531278706
11.98;-0.113814968;0.215953841;-0.382350652
11.99;0.003807508;0.22205745;-0.226098268
12;0.092705098;0.230602502;-0.062521553
12.01;0.173302585;0.233043946;0.116924544
12.02;0.238288763;0.22205745;0.287825589
12.03;0.281736912;0.211070954;0.479478904
12.04;0.299650788;0.202525902;0.687001602
12.05;0.29033913;0.186656519;0.85301976
12.06;0.254582984;0.167124971;1.030024414
12.07;0.195578706;0.147593423;1.185056077
12.08;0.118659804;0.141489815;1.352294957
12.09;0.030821095;0.123178988;1.507326619
12.1;-0.079883992;0.11707538;1.645268177
12.11;-0.193625805;0.118296101;1.755133135
12.12;-0.289653338;0.118296101;1.872322423
12.13;-0.359078246;0.132944762;1.991953155
12.14;-0.395430443;0.146372702;2.094493782
12.15;-0.395269968;0.170787137;2.1909308
12.16;-0.35852278;0.181773632;2.271498436
12.17;-0.28850687;0.203746624;2.37159762
12.18;-0.191643443;0.22205745;2.46925536
12.19;-0.076877249;0.237926833;2.573016709
12.2;0.033856915;0.251354772;2.688985275
12.21;0.122284975;0.251354772;2.771994354
12.22;0.199353216;0.24280972;2.870872816
12.23;0.257818711;0.233043946;2.983179217
12.24;0.292153817;0.223278172;3.108913558
12.25;0.2990752;0.203746624;3.244413672
12.26;0.277865515;0.189097963;3.3750309
12.27;0.23045556;0.174449302;3.539828336
12.28;0.161257;0.15247631;3.705846494
12.29;0.076759265;0.142710536;-1.21
12.3;-0.020097727;0.128061875;-1.081824216
12.31;-0.140731431;0.12439971;-0.91702678
12.32;-0.248091276;0.128061875;-0.7497879
12.33;-0.331930135;0.135386206;-0.587431907
12.34;-0.384201507;0.151255589;-0.429958801
12.35;-0.399840123;0.168345693;-0.278589303
12.36;-0.377263084;0.180552911;-0.141868467
12.37;-0.318541042;0.204967346;0.020487526
12.38;-0.229220077;0.224498894;0.157208362
12.39;-0.117808289;0.241588998;0.291487755
12.4;0.003769812;0.256237659;0.470933852
12.41;0.095604419;0.259899825;0.60155108
12.42;0.178281802;0.262341268;0.752920577
12.43;0.24378628;0.248913329;0.901848631
12.44;0.285733422;0.241588998;1.066646067
12.45;0.29999852;0.226940337;1.20824979
12.46;0.285129984;0.211070954;1.342529183
12.47;0.242505512;0.196422293;1.498781567
12.48;0.176213557;0.175670024;1.624515908
12.49;0.092669244;0.153697032;1.741705196
12.5;6.02656E-15;0.150034867;1.86988098
12.51;-0.123654602;0.146372702;1.962655833
12.52;-0.235276734;0.14515198;2.061534295
12.53;-0.323872499;0.154917754;2.170178531
12.54;-0.380670364;0.16590425;2.249525444
12.55;-0.399998026;0.179332189;2.342300298
12.56;-0.379859532;0.203746624;2.428971542
12.57;-0.322152952;0.220836728;2.52540856
12.58;-0.232503925;0.239147555;2.619404135
12.59;-0.119728231;0.259899825;2.724386206
12.6;0.003769812;0.264782712;2.833030442
12.61;0.097032547;0.273327764;2.942895399
12.62;0.180698354;0.269665599;3.058863966
12.63;0.246394955;0.259899825;3.184598306
12.64;0.28751352;0.253796216;3.306670481
12.65;0.299880092;0.231823224;3.495882353
12.66;0.28218753;0.219616007;3.597202258
12.67;0.236142525;0.195201572;-1.21
12.68;0.166310421;0.175670024;-1.16849546
12.69;0.079670874;0.169566415;-0.992711528
12.7;-0.020097727;0.157359197;-0.823031205
12.71;-0.144488395;0.154917754;-0.646026551
12.72;-0.254349397;0.157359197;-0.483670558
12.73;-0.33851;0.167124971;-0.317652399
12.74;-0.38836562;0.176890745;-0.17849012
12.75;-0.398766933;0.19398085;-0.036886397
12.76;-0.368563206;0.215953841;0.097392996
12.77;-0.300741447;0.236706111;0.228010224
12.78;-0.202143681;0.253796216;0.354965286
12.79;-0.08278769;0.269665599;0.474596017
12.8;0.033856915;0.28431426;0.611316854
12.81;0.126401923;0.28431426;0.745596246
12.82;0.206022752;0.281872816;0.87377203
12.83;0.264491919;0.272107042;1.017817197
12.84;0.295731484;0.261120546;1.142330816
12.85;0.296452476;0.240368276;1.255857939
12.86;0.266510204;0.226940337;1.386475166
12.87;0.208936216;0.213512398;1.501223011
12.88;0.129640835;0.190318685;1.597660029
12.89;0.036814401;0.179332189;1.698979934
12.9;-0.079883992;0.168345693;1.813727779
12.91;-0.200623622;0.16590425;1.85645304
12.92;-0.30050934;0.170787137;1.92603418
12.93;-0.369049711;0.179332189;1.984628824
12.94;-0.398995786;0.196422293;2.050547799
12.95;-0.38711884;0.220836728;2.106700999
12.96;-0.334571103;0.235485389;2.159192035
12.97;-0.246787979;0.256237659;2.199475853
12.98;-0.132938202;0.272107042;2.250746166
12.99;-0.004976154;0.289197147;2.305678645
13;0.092705098;0.296521477;2.356948959
13.01;0.179401712;0.287976425;2.398453498
13.02;0.24714529;0.281872816;2.444840925
13.03;0.288700727;0.27088632;2.496111238
13.04;0.299590175;0.255016938;2.552264439
13.05;0.278584621;0.236706111;2.591327535
13.06;0.227852252;0.218395285;2.66457084
13.07;0.152744873;0.198863737;2.714620432
13.08;0.061242204;0.189097963;2.79030518
13.09;-0.049185638;0.176890745;2.85988632
13.1;-0.174846307;0.181773632;2.930688182
13.11;-0.281810088;0.181773632;3.018580148
13.12;-0.35852278;0.191539406;3.09670634
13.13;-0.396647572;0.203746624;3.202909133
13.14;-0.391982126;0.225719615;3.304229038
13.15;-0.344934791;0.240368276;3.398224613
13.16;-0.260504699;0.267224155;3.571567102
13.17;-0.147763773;0.276989929;3.686314946
13.18;-0.01889279;0.29163859;-1.21
13.19;0.084095476;0.296521477;-1.145301747
13.2;0.173271811;0.296521477;-0.975621424
13.21;0.243610391;0.289197147;-0.78518883
13.22;0.287384036;0.275769207;-0.58254902
13.23;0.299743646;0.259899825;-0.368922713
13.24;0.279264748;0.24280972;-0.160179294
13.25;0.22812179;0.223278172;0.05100557
13.26;0.151867932;0.211070954;0.25364538
13.27;0.058841348;0.195201572;0.44163653
13.28;-0.054319429;0.186656519;0.625965515
13.29;-0.181193002;0.187877241;0.793204395
13.3;-0.28812361;0.19398085;0.927483787
13.31;-0.363225697;0.20130518;1.054438849
13.32;-0.39809967;0.218395285;1.166745251
13.33;-0.388783087;0.234264668;1.25707866
13.34;-0.336214539;0.253796216;1.346191348
13.35;-0.246154548;0.274548486;1.425538262
13.36;-0.128567853;0.289197147;1.496340124
13.37;0.002601206;0.309949416;1.568362707
13.38;0.101408525;0.313611582;1.625736629
13.39;0.188923046;0.305066529;1.686772717
13.4;0.255298345;0.300183642;1.742925917
13.41;0.293027744;0.290417868;1.810065614
13.42;0.297801462;0.269665599;1.860115206
13.43;0.269009001;0.252575494;1.904061189
13.44;0.209827164;0.229381781;1.941903563
13.45;0.126880379;0.215953841;1.987070268
13.46;0.029508314;0.20130518;2.01636759
13.47;-0.095039094;0.196422293;2.055430686
13.48;-0.218726106;0.19398085;2.068858625
13.49;-0.317626715;0.206188067;2.099376669
13.5;-0.380422607;0.21473312;2.112804608
13.51;-0.399872409;0.233043946;2.133556878
13.52;-0.373659869;0.252575494;2.143322652
13.53;-0.304684088;0.27088632;2.151867704
13.54;-0.200754065;0.28431426;2.160412757
13.55;-0.073717779;0.300183642;2.168957809
13.56;0.046408978;0.314832303;2.177502861
13.57;0.142838311;0.314832303;2.175061418
13.58;0.222876167;0.308728695;2.176282139
13.59;0.277250342;0.305066529;2.187268635
13.6;0.299621087;0.287976425;2.187268635
13.61;0.287329891;0.272107042;2.189710079
13.62;0.241726398;0.252575494;2.189710079
13.63;0.168032109;0.229381781;2.18360647
13.64;0.074753016;0.218395285;2.181165026
13.65;-0.036392082;0.212291676;2.177502861
13.66;-0.168307934;0.208629511;2.166516365
13.67;-0.280666297;0.21473312;2.161633478
13.68;-0.360287788;0.220836728;2.144543374
13.69;-0.397778884;0.240368276;2.129894713
13.7;-0.388652693;0.255016938;2.116466773
13.71;-0.333880719;0.27088632;2.095714504
13.72;-0.239806168;0.297742199;2.06519646
13.73;-0.117423942;0.303845808;2.046885634
13.74;0.014169592;0.324598077;2.029795529
13.75;0.11480503;0.324598077;1.993173877
13.76;0.201931636;0.322156634;1.965097276
13.77;0.265200218;0.316053025;1.933358511
13.78;0.297054714;0.302625086;1.906502632
13.79;0.293643931;0.285534981;1.864998093
13.8;0.255298345;0.267224155;1.834480049
13.81;0.186511706;0.247692607;1.788092622
13.82;0.095425732;0.228161059;1.727056535
13.83;-0.009499283;0.223278172;1.677006943
13.84;-0.145191211;0.220836728;1.601322194
13.85;-0.263580825;0.218395285;1.524416724
13.86;-0.350425765;0.228161059;1.436524758
13.87;-0.395223612;0.244030442;1.320556191
13.88;-0.392494469;0.259899825;1.215574121
13.89;-0.342466439;0.286755703;1.083736172
13.9;-0.251076545;0.300183642;0.956781109
13.91;-0.129281598;0.323377356;0.815177386
13.92;0.006182217;0.338026017;0.677235828
13.93;0.108647471;0.34046746;0.534411383
13.94;0.197997353;0.334363851;0.416001373
13.95;0.263344748;0.329480964;0.270735485
13.96;0.296685538;0.318494469;0.168194858
13.97;0.293888568;0.296521477;0.011942473
13.98;0.255219118;0.280652094;-0.077170214
13.99;0.18532824;0.262341268;-0.18581445
14;0.092705098;0.244030442;-0.316431678
14.01;-0.015126303;0.233043946;-0.46413901
14.02;-0.152097617;0.229381781;-0.606963455
14.03;-0.270466593;0.235485389;-0.754670787
14.04;-0.355623477;0.245251164;-0.913364614
14.05;-0.39700142;0.261120546;-1.069616999
14.06;-0.389400931;0.276989929;-1.21
14.07;-0.3336591;0.296521477;3.714391547
14.08;-0.236575653;0.311170138;3.566684215
14.09;-0.110099241;0.323377356;3.464143587
14.1;0.022598042;0.335584573;3.321319142
14.11;0.125032755;0.345350347;3.226102846
14.12;0.21197203;0.342908904;3.12478294
14.13;0.272545451;0.330701686;3.035670253
14.14;0.299136273;0.323377356;2.968530556
14.15;0.288349627;0.303845808;2.900170138
14.16;0.241458196;0.287976425;2.824485389
14.17;0.164265462;0.267224155;2.775656519
14.18;0.066399192;0.252575494;2.719503319
14.19;-0.053173807;0.245251164;2.668233005
14.2;-0.188281573;0.236706111;2.619404135
14.21;-0.299745066;0.250134051;2.563250935
14.22;-0.373444178;0.257458381;2.547381552
14.23;-0.399984079;0.269665599;2.513201343
14.24;-0.375907602;0.289197147;2.482683299
14.25;-0.304162386;0.301404364;2.452165255
14.26;-0.193757743;0.322156634;2.42775082
14.27;-0.058648683;0.339246738;2.405777829
14.28;0.063012531;0.350233234;2.382584115
14.29;0.162050946;0.355116121;2.365494011
14.3;0.240470095;0.345350347;2.343521019
14.31;0.288203525;0.328260243;2.317885863
14.32;0.299078156;0.323377356;2.304457923
14.33;0.271624423;0.303845808;2.284926375
14.34;0.209287625;0.286755703;2.271498436
14.35;0.120008741;0.267224155;2.250746166
14.36;0.0152239;0.256237659;2.23243534
14.37;-0.122123899;0.244030442;2.200696574
14.38;-0.248879078;0.250134051;2.189710079
14.39;-0.343552497;0.256237659;2.171399252
14.4;-0.393825734;0.269665599;2.150646983
14.41;-0.393092738;0.286755703;2.123791104
14.42;-0.34134464;0.302625086;2.09327306
14.43;-0.245202537;0.322156634;2.055430686
14.44;-0.117087541;0.34046746;2.039561303
14.45;0.019777679;0.352674678;2.004160372
14.46;0.124861386;0.359999008;1.96753872
14.47;0.21369897;0.349012512;1.929696345
14.48;0.274633074;0.345350347;1.901619745
14.49;0.299622979;0.330701686;1.860115206
14.5;0.285316955;0.314832303;1.817389944
14.51;0.233515025;0.296521477;1.775885405
14.52;0.150956665;0.275769207;1.717290761
14.53;0.048456344;0.262341268;1.659916838
14.54;-0.080671876;0.256237659;1.590335698
14.55;-0.215390672;0.258679103;1.513430228
14.56;-0.321705453;0.261120546;1.425538262
14.57;-0.385476052;0.274548486;1.310790417
14.58;-0.398157944;0.29163859;1.204587625
14.59;-0.357963776;0.307507973;1.072749676
14.6;-0.270133123;0.329480964;0.942132448
14.61;-0.146267861;0.347791791;0.791983673
14.62;-0.002814844;0.366102617;0.651600671
14.63;0.105830831;0.366102617;0.513659113
14.64;0.19969105;0.364881895;0.383041886
14.65;0.266872763;0.357557565;0.260969711
14.66;0.298314267;0.341688182;0.13523537
14.67;0.289722383;0.323377356;0.020487526
14.68;0.24217218;0.308728695;-0.094260319
14.69;0.161987489;0.283093538;-0.223656825
14.7;0.059912994;0.273327764;-0.357936217
14.71;-0.06708744;0.266003433;-0.495877775
14.72;-0.205085734;0.26356199;-0.646026551
14.73;-0.315413936;0.266003433;-0.807161822
14.74;-0.383063133;0.278210651;-0.978062867
14.75;-0.398766933;0.29163859;-1.134315251
14.76;-0.360287788;0.316053025;-1.21
14.77;-0.27275441;0.338026017;3.64725185
14.78;-0.147997294;0.351453956;3.544711223
14.79;-0.002965636;0.36121973;3.397003891
14.8;0.106923564;0.370985504;3.283476768
14.81;0.201513074;0.367323339;3.178494697
14.82;0.268556895;0.359999008;3.062526131
14.83;0.298803366;0.345350347;2.991724269
14.84;0.288024918;0.328260243;2.903832303
14.85;0.237622984;0.309949416;2.828147555
14.86;0.154461153;0.286755703;2.764670024
14.87;0.049943889;0.281872816;2.71339971
14.88;-0.082049887;0.273327764;2.658467231
14.89;-0.21944105;0.268444877;2.5949897
14.9;-0.3265357;0.272107042;2.549822995
14.91;-0.388425719;0.287976425;2.515642786
14.92;-0.396429855;0.303845808;2.463151751
14.93;-0.349329471;0.323377356;2.436295872
14.94;-0.253572704;0.341688182;2.39967422
14.95;-0.122411057;0.358778286;2.369156176
14.96;0.019439113;0.373426947;2.338638132
14.97;0.128040706;0.379530556;2.310561532
14.98;0.218793788;0.375868391;2.276381323
14.99;0.278946822;0.362440452;2.244642557
15;0.3;0.349012512;2.217786679
